{
    "lobName": "Pet",
    "questions": [
        {
            "question":"Does your pet suffer from any medical illness/conditions?",
            "type":"radio",
            "availableOptions":["Yes","No"],
            "isRequired" : true
        },
        {
            "question":"Did your pet undergo any medical surgery/treatment in the last 12 months?",
            "type":"radio",
            "availableOptions":["Yes","No"],
            "isRequired" : true
        },
        {
            "question":"How many pets reside along with your pet in the same property?",
            "type":"dropdown",
            "availableOptions":["1","2","3 or more"],
            "isRequired" : true
        },
        {
            "question":"Is your pet used for any work like security, guarding,Track Racing, hunting or any other sport? ",
            "type":"radio",
            "availableOptions":["Yes","No"],
            "isRequired" : true
        },
        {
            "question":"Has your pet had history of behavioral problems or showing violent tendencies?",
            "type":"radio",
            "availableOptions":["Yes","No"],
            "isRequired" : true
        },
        {
            "question":"Had your Pet Insurance been cancelled by your previous insurer ever? ",
            "type":"radio",
            "availableOptions":["Yes","No"],
            "isRequired" : true
        }
    ]
}